{
  "crypto_results.csv": {
    "latency_us": {
      "mean": 621.534775,
      "median": 374.65,
      "min": 42.7,
      "max": 24170.4,
      "stddev": 1179.291701045886,
      "p95": 2438.4,
      "p99": 5431.7,
      "cov": 1.8973865155749106,
      "ci_low": 594.3808875,
      "ci_high": 647.00505
    }
  },
  "handshake_results.csv": {
    "hct_client_ms": {
      "mean": 6.809169,
      "median": 6.482,
      "min": 2.963,
      "max": 27.409,
      "stddev": 2.217167298026696,
      "p95": 10.826,
      "p99": 13.773,
      "cov": 0.325614960948494,
      "ci_low": 6.7165155,
      "ci_high": 6.912473
    },
    "hct_server_ms": {
      "mean": 6.2864295,
      "median": 5.93,
      "min": 2.602,
      "max": 16.006,
      "stddev": 2.183750654500131,
      "p95": 10.526,
      "p99": 12.363,
      "cov": 0.34737535106376854,
      "ci_low": 6.1916675,
      "ci_high": 6.3878345
    },
    "ttfb_ms": {
      "mean": 11.0944235,
      "median": 10.775500000000001,
      "min": 6.144,
      "max": 33.551,
      "stddev": 2.5373798919648887,
      "p95": 15.673,
      "p99": 18.395,
      "cov": 0.22870768291519508,
      "ci_low": 10.979247,
      "ci_high": 11.206433
    }
  },
  "oidc_results.csv": {
    "t_auth_total_ms": {
      "mean": 26.8776075,
      "median": 25.333,
      "min": 17.63,
      "max": 84.833,
      "stddev": 6.482969562665226,
      "p95": 39.625,
      "p99": 54.195,
      "cov": 0.2412033720882793,
      "ci_low": 26.595312,
      "ci_high": 27.160438
    },
    "t_full_cycle_ms": {
      "mean": 81.563104,
      "median": 76.646,
      "min": 60.362,
      "max": 231.259,
      "stddev": 18.018304028964103,
      "p95": 116.993,
      "p99": 163.205,
      "cov": 0.22091243644876615,
      "ci_low": 80.7688965,
      "ci_high": 82.412035
    },
    "t_token_ms": {
      "mean": 18.163555,
      "median": 16.948999999999998,
      "min": 11.937,
      "max": 66.649,
      "stddev": 4.573041427865595,
      "p95": 27.028,
      "p99": 35.857,
      "cov": 0.2517701753795221,
      "ci_low": 17.9603395,
      "ci_high": 18.3729315
    },
    "t_userinfo_ms": {
      "mean": 23.2783635,
      "median": 21.7685,
      "min": 15.952,
      "max": 78.832,
      "stddev": 5.883697511545589,
      "p95": 32.854,
      "p99": 51.968,
      "cov": 0.2527539150913933,
      "ci_low": 23.029003,
      "ci_high": 23.552617
    }
  },
  "load_results.csv": {
    "throughput_req_sec": {
      "mean": 24.088916666666666,
      "median": 23.826500000000003,
      "min": 12.13,
      "max": 45.989,
      "stddev": 10.450792054977885,
      "p95": 40.672,
      "p99": 40.672,
      "cov": 0.4338423433312506,
      "ci_low": 18.039333333333335,
      "ci_high": 30.14275
    },
    "avg_latency_ms": {
      "mean": 1021.1815,
      "median": 829.1855,
      "min": 64.32,
      "max": 2462.053,
      "stddev": 823.8295350079509,
      "p95": 2222.599,
      "p99": 2222.599,
      "cov": 0.806741539097556,
      "ci_low": 560.4751666666666,
      "ci_high": 1510.25075
    }
  },
  "artifacts_results.csv": {}
}